MSE_transformed,RMSE_transformed,MAE_transformed,R2_transformed,MSE_kwh,RMSE_kwh,MAE_kwh,R2_kwh
0.00030778295084120833,0.017543743923154154,0.011404594282677274,0.9998568614242146,1.9756323970168639,1.4055719110087765,0.322624898212374,0.9986853485204021
