MSE_transformed,RMSE_transformed,MAE_transformed,R2_transformed,MSE_kwh,RMSE_kwh,MAE_kwh,R2_kwh
0.0005226214229874141,0.022860914745202434,0.017746109806063424,0.9997569479207445,1.4846815596447152,1.2184750960297528,0.34801371221114685,0.999012043529927
