MSE_transformed,RMSE_transformed,MAE_transformed,R2_transformed,MSE_kwh,RMSE_kwh,MAE_kwh,R2_kwh
0.000192929232942443,0.013889896793800989,0.008467782417743326,0.9999102756811081,2.181475417020464,1.4769818607621639,0.38033882848007566,0.9985483737313567
